{"cameraMode":{"drawMode":0,"name":"Shaded","section":"Shading Mode"},"sceneLighting":false,"audioPlay":false,"sceneViewState":{"m_AlwaysRefresh":false,"showFog":true,"showSkybox":false,"showFlares":true,"showImageEffects":true,"showParticleSystems":true,"showVisualEffectGraphs":true,"m_FxEnabled":true},"in2DMode":false,"pivot":{"x":-12.108846664428711,"y":9.471637725830079,"z":11.0369873046875},"rotation":{"x":-0.41490593552589419,"y":-0.004927119240164757,"z":0.0022299678530544044,"w":-0.9099375009536743},"size":14.170768737792969,"orthographic":false}