{"cameraMode":{"drawMode":0,"name":"Shaded","section":"Shading Mode"},"sceneLighting":false,"audioPlay":false,"sceneViewState":{"m_AlwaysRefresh":false,"showFog":true,"showSkybox":false,"showFlares":true,"showImageEffects":true,"showParticleSystems":true,"showVisualEffectGraphs":true,"m_FxEnabled":true},"in2DMode":false,"pivot":{"x":187.86578369140626,"y":-9.097755432128907,"z":-33.11482238769531},"rotation":{"x":-0.29223570227622988,"y":-0.06678547710180283,"z":0.020462561398744584,"w":-0.9537971019744873},"size":45.012290954589847,"orthographic":false}