{"cameraMode":{"drawMode":0,"name":"Shaded","section":"Shading Mode"},"sceneLighting":false,"audioPlay":false,"sceneViewState":{"m_AlwaysRefresh":false,"showFog":true,"showSkybox":false,"showFlares":true,"showImageEffects":true,"showParticleSystems":true,"showVisualEffectGraphs":true,"m_FxEnabled":true},"in2DMode":false,"pivot":{"x":0.04601982235908508,"y":0.24918776750564576,"z":0.1521979570388794},"rotation":{"x":0.12700217962265016,"y":-0.6889026761054993,"z":0.124513640999794,"w":0.7026730179786682},"size":0.2532300651073456,"orthographic":false}