{"cameraMode":{"drawMode":0,"name":"Shaded","section":"Shading Mode"},"sceneLighting":false,"audioPlay":false,"sceneViewState":{"m_AlwaysRefresh":false,"showFog":true,"showSkybox":false,"showFlares":true,"showImageEffects":true,"showParticleSystems":true,"showVisualEffectGraphs":true,"m_FxEnabled":true},"in2DMode":false,"pivot":{"x":0.06515434384346008,"y":0.1922520250082016,"z":0.04385368525981903},"rotation":{"x":0.12700217962265016,"y":-0.6889026761054993,"z":0.124513640999794,"w":0.7026730179786682},"size":0.22190465033054353,"orthographic":false}