{"cameraMode":{"drawMode":0,"name":"Shaded","section":"Shading Mode"},"sceneLighting":true,"audioPlay":false,"sceneViewState":{"m_AlwaysRefresh":false,"showFog":true,"showSkybox":true,"showFlares":true,"showImageEffects":true,"showParticleSystems":true,"showVisualEffectGraphs":true,"m_FxEnabled":true},"in2DMode":false,"pivot":{"x":-0.30943551659584048,"y":-4.321358680725098,"z":9.390470504760743},"rotation":{"x":-0.2771572470664978,"y":-0.0008823146927170455,"z":0.0002170002117054537,"w":-0.960913360118866},"size":20.81915283203125,"orthographic":false}