{"cameraMode":{"drawMode":0,"name":"Shaded","section":"Shading Mode"},"sceneLighting":false,"audioPlay":false,"sceneViewState":{"m_AlwaysRefresh":false,"showFog":true,"showSkybox":false,"showFlares":true,"showImageEffects":true,"showParticleSystems":true,"showVisualEffectGraphs":true,"m_FxEnabled":true},"in2DMode":false,"pivot":{"x":11.461833000183106,"y":23.02661895751953,"z":-33.058319091796878},"rotation":{"x":0.19797737896442414,"y":0.3914474546909332,"z":-0.08662973344326019,"w":0.8945146203041077},"size":1.4655481576919556,"orthographic":false}