{"cameraMode":{"drawMode":0,"name":"Shaded","section":"Shading Mode"},"sceneLighting":false,"audioPlay":false,"sceneViewState":{"m_AlwaysRefresh":false,"showFog":true,"showSkybox":false,"showFlares":true,"showImageEffects":true,"showParticleSystems":true,"showVisualEffectGraphs":true,"m_FxEnabled":true},"in2DMode":false,"pivot":{"x":0.03317195177078247,"y":0.08951711654663086,"z":-1.61642587184906},"rotation":{"x":0.006957007106393576,"y":0.9882962703704834,"z":-0.14482052624225617,"w":0.04747540131211281},"size":1.5207722187042237,"orthographic":false}