{"cameraMode":{"drawMode":0,"name":"Shaded","section":"Shading Mode"},"sceneLighting":false,"audioPlay":false,"sceneViewState":{"m_AlwaysRefresh":false,"showFog":true,"showSkybox":false,"showFlares":true,"showImageEffects":true,"showParticleSystems":true,"showVisualEffectGraphs":true,"m_FxEnabled":true},"in2DMode":false,"pivot":{"x":532.7271728515625,"y":267.4297790527344,"z":-152.12802124023438},"rotation":{"x":0.00003053400359931402,"y":-0.9992555975914002,"z":0.040803104639053348,"w":0.002113290363922715},"size":392.9994201660156,"orthographic":false}