{"cameraMode":{"drawMode":0,"name":"Shaded","section":"Shading Mode"},"sceneLighting":false,"audioPlay":false,"sceneViewState":{"m_AlwaysRefresh":false,"showFog":true,"showSkybox":false,"showFlares":true,"showImageEffects":true,"showParticleSystems":true,"showVisualEffectGraphs":true,"m_FxEnabled":true},"in2DMode":false,"pivot":{"x":0.2649916112422943,"y":1.6010158061981202,"z":-0.18755674362182618},"rotation":{"x":0.00206130463629961,"y":-0.9821601510047913,"z":0.1881878823041916,"w":0.010919840075075627},"size":1.0361212491989136,"orthographic":false}