{"cameraMode":{"drawMode":0,"name":"Shaded","section":"Shading Mode"},"sceneLighting":false,"audioPlay":false,"sceneViewState":{"m_AlwaysRefresh":false,"showFog":true,"showSkybox":false,"showFlares":true,"showImageEffects":true,"showParticleSystems":true,"showVisualEffectGraphs":true,"m_FxEnabled":true},"in2DMode":false,"pivot":{"x":0.27092990279197695,"y":-0.5520734786987305,"z":-3.2542014122009279},"rotation":{"x":0.0029005142860114576,"y":-0.9821006059646606,"z":0.1881762146949768,"w":0.01534096896648407},"size":3.612135648727417,"orthographic":false}