{"cameraMode":{"drawMode":0,"name":"Shaded","section":"Shading Mode"},"sceneLighting":false,"audioPlay":false,"sceneViewState":{"m_AlwaysRefresh":false,"showFog":true,"showSkybox":false,"showFlares":true,"showImageEffects":true,"showParticleSystems":true,"showVisualEffectGraphs":true,"m_FxEnabled":true},"in2DMode":false,"pivot":{"x":1.3064327239990235,"y":0.10602569580078125,"z":2.29400634765625},"rotation":{"x":-0.25603410601615908,"y":-0.25663161277770998,"z":0.07067147642374039,"w":-0.9293918609619141},"size":2.7906627655029299,"orthographic":false}