{"cameraMode":{"drawMode":0,"name":"Shaded","section":"Shading Mode"},"sceneLighting":false,"audioPlay":false,"sceneViewState":{"m_AlwaysRefresh":false,"showFog":true,"showSkybox":false,"showFlares":true,"showImageEffects":true,"showParticleSystems":true,"showVisualEffectGraphs":true,"m_FxEnabled":true},"in2DMode":false,"pivot":{"x":1.5029017925262452,"y":0.9158740043640137,"z":-0.09557080268859863},"rotation":{"x":-0.3381078541278839,"y":-0.25330257415771487,"z":0.09496395289897919,"w":-0.9014852046966553},"size":2.6331543922424318,"orthographic":false}