{"cameraMode":{"drawMode":0,"name":"Shaded","section":"Shading Mode"},"sceneLighting":false,"audioPlay":false,"sceneViewState":{"m_AlwaysRefresh":false,"showFog":true,"showSkybox":false,"showFlares":true,"showImageEffects":true,"showParticleSystems":true,"showVisualEffectGraphs":true,"m_FxEnabled":true},"in2DMode":false,"pivot":{"x":2.4688823223114015,"y":-1.4220919609069825,"z":-1.1475353240966797},"rotation":{"x":0.13330988585948945,"y":0.8526114821434021,"z":-0.2637438476085663,"w":0.43095505237579348},"size":2.497971534729004,"orthographic":false}