{"cameraMode":{"drawMode":0,"name":"Shaded","section":"Shading Mode"},"sceneLighting":false,"audioPlay":false,"sceneViewState":{"m_AlwaysRefresh":false,"showFog":true,"showSkybox":false,"showFlares":true,"showImageEffects":true,"showParticleSystems":true,"showVisualEffectGraphs":true,"m_FxEnabled":true},"in2DMode":false,"pivot":{"x":-10.72269058227539,"y":32.42298889160156,"z":-0.4143509864807129},"rotation":{"x":0.5320152044296265,"y":0.028197281062602998,"z":-0.017734572291374208,"w":0.8461118340492249},"size":2.3238725662231447,"orthographic":false}