{"cameraMode":{"drawMode":0,"name":"Shaded","section":"Shading Mode"},"sceneLighting":false,"audioPlay":false,"sceneViewState":{"m_AlwaysRefresh":false,"showFog":true,"showSkybox":false,"showFlares":true,"showImageEffects":true,"showParticleSystems":true,"showVisualEffectGraphs":true,"m_FxEnabled":true},"in2DMode":false,"pivot":{"x":-1.0406371355056763,"y":-1.7307944297790528,"z":27.01666831970215},"rotation":{"x":0.08371802419424057,"y":-0.8940616846084595,"z":0.18804408609867097,"w":0.39796918630599978},"size":1.9640357494354249,"orthographic":false}