{"cameraMode":{"drawMode":0,"name":"Shaded","section":"Shading Mode"},"sceneLighting":false,"audioPlay":false,"sceneViewState":{"m_AlwaysRefresh":false,"showFog":true,"showSkybox":false,"showFlares":true,"showImageEffects":true,"showParticleSystems":true,"showVisualEffectGraphs":true,"m_FxEnabled":true},"in2DMode":false,"pivot":{"x":0.2455540895462036,"y":0.6429930925369263,"z":0.20068073272705079},"rotation":{"x":0.1523604393005371,"y":-0.06665860116481781,"z":0.010303778573870659,"w":0.9859983921051025},"size":0.9409168362617493,"orthographic":false}