{"cameraMode":{"drawMode":0,"name":"Shaded","section":"Shading Mode"},"sceneLighting":false,"audioPlay":false,"sceneViewState":{"m_AlwaysRefresh":false,"showFog":true,"showSkybox":false,"showFlares":true,"showImageEffects":true,"showParticleSystems":true,"showVisualEffectGraphs":true,"m_FxEnabled":true},"in2DMode":false,"pivot":{"x":-0.40149104595184328,"y":0.6212018132209778,"z":-0.13707856833934785},"rotation":{"x":0.17234979569911958,"y":-0.6418110132217407,"z":0.15116512775421143,"w":0.7317650318145752},"size":0.9409168362617493,"orthographic":false}